income,group,place,2014,2015,2016,2017,2018,2019,2020,2021,2022,2023,% 2014,% 2023,% variation
<200k,Families,All Denmark,549844.0,539702.0,530210.0,513086.0,491578.0,464554.0,436688.0,397701.0,382463.0,348661.0,19.076928201132034,11.179926852589949,-7.897001348542085
200k-299k,Families,All Denmark,608290.0,608485.0,606935.0,609380.0,604874.0,600182.0,597608.0,594069.0,592315.0,579049.0,21.104721803759986,18.567392005602454,-2.5373297981575327
300k-399k,Families,All Denmark,426554.0,434130.0,440183.0,444471.0,450438.0,453267.0,439968.0,439215.0,444625.0,433010.0,14.799361331406132,13.884604605734433,-0.9147567256716993
400k-499k,Families,All Denmark,288941.0,295386.0,302170.0,308387.0,316646.0,320773.0,328631.0,336105.0,347926.0,360142.0,10.024855616071633,11.548068801917763,1.5232131858461297
500k-599k,Families,All Denmark,210283.0,211692.0,215404.0,217825.0,222659.0,231032.0,238576.0,240394.0,244687.0,250358.0,7.295803342254617,8.027809611515812,0.7320062692611948
600k-699k,Families,All Denmark,192608.0,191542.0,190845.0,189625.0,188904.0,192436.0,187807.0,189439.0,192005.0,191380.0,6.682566304194715,6.1366611150907735,-0.5459051891039417
700k-799k,Families,All Denmark,168258.0,168795.0,170868.0,170739.0,173318.0,173846.0,167411.0,169468.0,173422.0,170094.0,5.837739041011766,5.454118694274481,-0.3836203467372856
800k-899k,Families,All Denmark,128601.0,131686.0,135280.0,140418.0,143591.0,145828.0,148597.0,153682.0,157122.0,160503.0,4.461832890044778,5.146580201459998,0.6847473114152205
900k-999k,Families,All Denmark,90531.0,94413.0,98206.0,103656.0,108856.0,113221.0,121798.0,128520.0,130910.0,138679.0,3.1409879656351327,4.446786637995995,1.3057986723608623
>1M,Families,All Denmark,218336.0,237316.0,253423.0,275444.0,294620.0,319188.0,375218.0,417680.0,421551.0,486758.0,7.575203504489207,15.608051473818344,8.032847969329136
